set,sample,body.part,size,weight,comment,
48,12428,whole,NA,646,,
48,12428,chela.left,27,NA,,
48,12428,L1,70,50.5,,
48,12428,L2,117,37.5,,
48,12428,L3,115,32,,
48,12428,L4,94,23,,
48,12428,L5,65,10.5,,
48,12428,chela.right,26,NA,,
48,12428,R1,70,51,,
48,12428,R2,110,37,,
48,12428,R3,103,29.5,,
48,12428,R4,103,24,,
48,12428,R5,65,11,,
48,12428,carapace,117,NA,,
40,10232,whole,NA,638,,
40,10232,chela.left,23,NA,,
40,10232,L1,70,44,,
40,10232,L2,110,35,,
40,10232,L3,105,29.5,,
40,10232,L4,98,22,,
40,10232,L5,65,9,,
40,10232,chela.right,24,NA,,
40,10232,R1,68,49.5,,
40,10232,R2,113,34,,
40,10232,R3,115,31.5,,
40,10232,R4,103,22.5,,
40,10232,R5,62,10.5,,
40,10232,carapace,144,NA,,
46,11677,whole,NA,712,,
46,11677,chela.left,31,NA,,
46,11677,L1,77,69.5,,
46,11677,L2,125,47,,
46,11677,L3,120,39.5,,
46,11677,L4,107,30,,
46,11677,L5,70,11.5,,
46,11677,chela.right,31,NA,,
46,11677,R1,79,74.5,,
46,11677,R2,115,42,,
46,11677,R3,124,38.5,,
46,11677,R4,96,28.5,,
46,11677,R5,65,11.5,,
46,11677,carapace,124,NA,,
40,10243,whole,NA,624,,
40,10243,chela.left,22,NA,,
40,10243,L1,73,56.5,,
40,10243,L2,,,missing leg,
40,10243,L3,114,34.5,,
40,10243,L4,95,23.5,,
40,10243,L5,65,9.5,,
40,10243,chela.right,22,NA,,
40,10243,R1,72,55,,
40,10243,R2,114,35,,
40,10243,R3,113,29,,
40,10243,R4,94,25,,
40,10243,R5,60,10,,
40,10243,carapace,146,NA,,
46,11762,whole,NA,814,,
46,11762,chela.left,31,NA,,
46,11762,L1,80,79.5,,
46,11762,L2,130,48,,
46,11762,L3,119,45,,
46,11762,L4,105,34,,
46,11762,L5,70,13.5,,
46,11762,chela.right,31,NA,,
46,11762,R1,82,68,,
46,11762,R2,130,49,,
46,11762,R3,110,42.5,,
46,11762,R4,110,31.5,,
46,11762,R5,75,13.5,,
46,11762,carapace,127,NA,,
47,12315,whole,NA,688,,
47,12315,chela.left,33,NA,,
47,12315,L1,78,67,,
47,12315,L2,119,45.5,,
47,12315,L3,109,39.5,,
47,12315,L4,103,28.5,,
47,12315,L5,68,11.5,,
47,12315,chela.right,30,NA,,
47,12315,R1,77,72,,
47,12315,R2,119,44,,
47,12315,R3,119,39,,
47,12315,R4,103,28.5,,
47,12315,R5,66,11.5,,
47,12315,carapace,122,NA,,
46,11694,whole,NA,516,,
46,11694,chela.left,25,NA,,
46,11694,L1,67,42,,
46,11694,L2,100,31,,
46,11694,L3,98,24.5,,
46,11694,L4,87,18.5,,
46,11694,L5,55,8,,
46,11694,chela.right,25,NA,,
46,11694,R1,61,41.5,,
46,11694,R2,100,27.5,,
46,11694,R3,103,24.5,,
46,11694,R4,90,18,,
46,11694,R5,58,8,,
46,11694,carapace,105,NA,,
46,11648,whole,NA,630,,
46,11648,chela.left,29,NA,,
46,11648,L1,71,57.5,,
46,11648,L2,115,38.5,,
46,11648,L3,117,33,,
46,11648,L4,97,23.5,,
46,11648,L5,63,10.5,,
46,11648,chela.right,30,NA,,
46,11648,R1,73,60,,
46,11648,R2,113,37,,
46,11648,R3,110,36.5,,
46,11648,R4,103,24.5,,
46,11648,R5,65,10.5,,
46,11648,carapace,116,NA,,
46,11736,whole,NA,872,,
46,11736,chela.left,30,NA,,
46,11736,L1,77,70,,
46,11736,L2,122,45.5,,
46,11736,L3,120,38,,
46,11736,L4,105,30.5,,
46,11736,L5,67,12,,
46,11736,chela.right,31,NA,,
46,11736,R1,76,72.5,,
46,11736,R2,120,46,,
46,11736,R3,105,39,,
46,11736,R4,105,29,,
46,11736,R5,70,11.5,,
46,11736,carapace,129,NA,,
46,11750,whole,NA,660,,
46,11750,chela.left,25,NA,,
46,11750,L1,71,54,,
46,11750,L2,110,40,,
46,11750,L3,110,34,,
46,11750,L4,102,26.5,,
46,11750,L5,65,10.5,,
46,11750,chela.right,25,NA,,
46,11750,R1,73,55,,
46,11750,R2,115,38.5,,
46,11750,R3,117,32.5,,
46,11750,R4,100,24.5,,
46,11750,R5,65,10,,
46,11750,carapace,110,NA,,
46,11731,whole,NA,482,,
46,11731,chela.left,26,NA,,
46,11731,L1,61,43,,
46,11731,L2,105,27.5,,
46,11731,L3,107,22,,
46,11731,L4,90,17.5,,
46,11731,L5,60,7.5,,
46,11731,chela.right,25,NA,,
46,11731,R1,63,44.5,,
46,11731,R2,102,27,,
46,11731,R3,100,24,,
46,11731,R4,90,17.5,,
46,11731,R5,50,7.5,,
46,11731,carapace,99,NA,,
47,12322,whole,NA,614,,
47,12322,chela.left,26,NA,,
47,12322,L1,72,56,,
47,12322,L2,110,36,,
47,12322,L3,103,31,,
47,12322,L4,93,22.5,,
47,12322,L5,52,10,,
47,12322,chela.right,25,NA,,
47,12322,R1,70,50.5,,
47,12322,R2,105,35,,
47,12322,R3,110,33,,
47,12322,R4,99,23,,
47,12322,R5,65,10,,
47,12322,carapace,116,NA,,
65,22159,whole,NA,674,684,
65,22159,chela.left,28,NA,,
65,22159,L1,79,64,,
65,22159,L2,105,36,,
65,22159,L3,125,38,,
65,22159,L4,89,24,,
65,22159,L5,68,10,,
65,22159,chela.right,29,NA,,
65,22159,R1,81,68,,
65,22159,R2,124,40,,
65,22159,R3,122,38,,
65,22159,R4,107,26,,
65,22159,R5,67,10,,
65,22159,carapace,121,NA,,
65,22186,whole,NA,466,460,
65,22186,chela.left,24,NA,,
65,22186,L1,66,40,,
65,22186,L2,,,missing leg,
65,22186,L3,103,24,,
65,22186,L4,87,16,,
65,22186,L5,54,8,,
65,22186,chela.right,25,NA,,
65,22186,R1,65,40,,
65,22186,R2,101,26,,
65,22186,R3,99,20,,
65,22186,R4,86,18,,
65,22186,R5,58,8,,
65,22186,carapace,106,NA,,
65,22205,whole,NA,702,672,
65,22205,chela.left,27,NA,,
65,22205,L1,84,58,,
65,22205,L2,123,38,,
65,22205,L3,123,32,,
65,22205,L4,109,24,,
65,22205,L5,70,10,,
65,22205,chela.right,27,NA,,
65,22205,R1,80,60,,
65,22205,R2,123,40,,
65,22205,R3,124,34,,
65,22205,R4,108,26,,
65,22205,R5,69,10,,
65,22205,carapace,117,NA,,
65,22140,whole,NA,354,348,
65,22140,chela.left,19,NA,,
65,22140,L1,52,22,,
65,22140,L2,91,20,,
65,22140,L3,89,18,,
65,22140,L4,80,14,,
65,22140,L5,52,6,,
65,22140,chela.right,19,NA,,
65,22140,R1,52,20,,
65,22140,R2,89,18,,
65,22140,R3,,,missing leg,
65,22140,R4,81,14,,
65,22140,R5,52,6,,
65,22140,carapace,101,NA,,
65,22132,whole,NA,610,604,
65,22132,chela.left,28,NA,,
65,22132,L1,74,58,,
65,22132,L2,111,36,,
65,22132,L3,,,missing leg,
65,22132,L4,98,24,,
65,22132,L5,63,10,,
65,22132,chela.right,27,NA,,
65,22132,R1,71,58,,
65,22132,R2,110,36,,
65,22132,R3,107,30,,
65,22132,R4,97,24,,
65,22132,R5,63,10,,
65,22132,carapace,114,NA,,
76,26313,whole,NA,470,462,
76,26313,chela.left,NA,NA,,
76,26313,L1,65,36,,
76,26313,L2,106,26.82,,
76,26313,L3,105,23.5,,
76,26313,L4,95,18.3,,
76,26313,L5,61,6.74,,
76,26313,chela.right,NA,NA,,
76,26313,R1,64,38,,
76,26313,R2,106,26,,
76,26313,R3,105,22,,
76,26313,R4,97,18,,
76,26313,R5,60,6.9,,
76,26313,carapace,106,NA,,
76,26312,whole,NA,660,628,
76,26312,chela.left,NA,NA,,
76,26312,L1,75,57.5,,
76,26312,L2,123,38,,
76,26312,L3,121,33,,
76,26312,L4,109,25.5,,
76,26312,L5,69,10.5,,
76,26312,chela.right,NA,NA,,
76,26312,R1,75,58,,
76,26312,R2,120,32,,
76,26312,R3,118,30,,
76,26312,R4,107,27,,
76,26312,R5,70,9.4,,
76,26312,carapace,117,NA,,
76,26311,whole,NA,232,230,
76,26311,chela.left,NA,NA,,
76,26311,L1,40,11.54,,
76,26311,L2,73,12.2,,
76,26311,L3,78,12.7,,
76,26311,L4,70,9.84,,
76,26311,L5,45,4.4,,
76,26311,chela.right,NA,NA,,
76,26311,R1,45,11.7,,
76,26311,R2,77,12.56,,
76,26311,R3,78,11.08,,
76,26311,R4,69,8.36,,
76,26311,R5,45,3.24,,
76,26311,carapace,87,NA,,
76,26308,whole,NA,812,773,
76,26308,chela.left,NA,NA,,
76,26308,L1,81,68,,
76,26308,L2,129,41,,
76,26308,L3,127,44,,
76,26308,L4,113,38,,
76,26308,L5,73,14.06,,
76,26308,chela.right,NA,NA,,
76,26308,R1,80,64,,
76,26308,R2,116,48,,
76,26308,R3,129,45.5,,
76,26308,R4,113,33.5,,
76,26308,R5,74,12.82,,
76,26308,carapace,125,NA,,
79,27010,whole,NA,314,306.5,
79,27010,chela.left,20,NA,,
79,27010,L1,54,24.08,,
79,27010,L2,95,17.3,,
79,27010,L3,96,14.98,,
79,27010,L4,84,12.1,,
79,27010,L5,54,4.9,,
79,27010,chela.right,20,NA,,
79,27010,R1,56,24.5,,
79,27010,R2,95,17.76,,
79,27010,R3,95,15.86,,
79,27010,R4,,,missing leg,
79,27010,R5,58,5.8,,
79,27010,carapace,93,NA,,
79,27014,whole,NA,210,206,
79,27014,chela.left,16,NA,,
79,27014,L1,49,15.98,,
79,27014,L2,,,missing leg,
79,27014,L3,86,12.44,,
79,27014,L4,78,9.72,,
79,27014,L5,49,4,,
79,27014,chela.right,19,NA,,
79,27014,R1,50,15.82,,
79,27014,R2,65,11.8,,
79,27014,R3,87,12.78,,
79,27014,R4,,,missing leg,
79,27014,R5,,,missing leg,
79,27014,carapace,83,NA,,
81,27665,whole,NA,304,298.5,
81,27665,chela.left,17,NA,,
81,27665,L1,49,16.5,,
81,27665,L2,86,17.5,,
81,27665,L3,,,missing leg,
81,27665,L4,80,12.5,,
81,27665,L5,51,5,,
81,27665,chela.right,18,NA,,
81,27665,R1,42,17,,
81,27665,R2,87,18,,
81,27665,R3,88,16,,
81,27665,R4,80,13,,
81,27665,R5,51,5,,
81,27665,carapace,95,,,
81,27685,whole,NA,779,771.5,
81,27685,chela.left,32,NA,,
81,27685,L1,82,66,,
81,27685,L2,123,46,,
81,27685,L3,122,40,,
81,27685,L4,108,30.5,,
81,27685,L5,70,13,,
81,27685,chela.right,32,NA,,
81,27685,R1,81,66,,
81,27685,R2,123,46.5,,
81,27685,R3,125,40,,
81,27685,R4,103,30,,
81,27685,R5,71,12.5,,
81,27685,carapace,123,,,
81,27700,whole,NA,320,315,
81,27700,chela.left,17,NA,,
81,27700,L1,50,17,,
81,27700,L2,94,19,,
81,27700,L3,94,17,,
81,27700,L4,84,13,,
81,27700,L5,53,5.5,,
81,27700,chela.right,19,NA,,
81,27700,R1,50,17.5,,
81,27700,R2,94,16.5,,
81,27700,R3,93,18,,
81,27700,R4,83,12.5,,
81,27700,R5,51,5,,
81,27700,carapace,97,,,
81,27722,whole,NA,314,307.5,
81,27722,chela.left,18,NA,,
81,27722,L1,48,14.5,,
81,27722,L2,84,18,,
81,27722,L3,85,16,,
81,27722,L4,78,11.5,,
81,27722,L5,49,8,,
81,27722,chela.right,16,NA,,
81,27722,R1,45,14.5,,
81,27722,R2,84,17,,
81,27722,R3,85,16.5,,
81,27722,R4,76,12.5,,
81,27722,R5,48,4.5,,
81,27722,carapace,97,,,
81,27730,whole,NA,141,139,
81,27730,chela.left,13,NA,,
81,27730,L1,36,6.5,,
81,27730,L2,66,8,,
81,27730,L3,69,7,,
81,27730,L4,62,5.5,,
81,27730,L5,41,2.5,,
81,27730,chela.right,13,NA,,
81,27730,R1,36,6.5,,
81,27730,R2,67,7.5,,
81,27730,R3,68,7,,
81,27730,R4,62,6,,
81,27730,R5,40,,,
81,27730,carapace,75,,,
81,27715,whole,NA,467,448,
81,27715,chela.left,28,NA,,
81,27715,L1,71,48,,
81,27715,L2,,,missing leg,
81,27715,L3,112,26.5,,
81,27715,L4,,,missing leg,
81,27715,L5,62,8,,
81,27715,chela.right,28,NA,,
81,27715,R1,72,51.5,,
81,27715,R2,113,33.5,,
81,27715,R3,110,28,,
81,27715,R4,99,22,,
81,27715,R5,62,8.5,,
81,27715,carapace,112,,,
81,27764,whole,NA,711,691,
81,27764,chela.left,30,NA,,
81,27764,L1,83,68.5,,
81,27764,L2,131,49,,
81,27764,L3,130,40,,
81,27764,L4,114,31.5,,
81,27764,L5,74,13,,
81,27764,chela.right,32,NA,,
81,27764,R1,84,71.5,,
81,27764,R2,131,43,,
81,27764,R3,130,41.5,,
81,27764,R4,,,missing leg,
81,27764,R5,60,12,,
81,27764,carapace,112,,,
81,27781,whole,NA,361,356,
81,27781,chela.left,18,NA,,
81,27781,L1,53,18.5,,
81,27781,L2,94,22,,
81,27781,L3,94,19,,
81,27781,L4,85,14,,
81,27781,L5,53,5.5,,
81,27781,chela.right,19,NA,,
81,27781,R1,52,16.5,,
81,27781,R2,94,20.5,,
81,27781,R3,95,19,,
81,27781,R4,85,14.5,,
81,27781,R5,53,5.5,,
81,27781,carapace,102,,,
81,27790,whole,NA,1150,1140,
81,27790,chela.left,37,NA,,
81,27790,L1,90,106.5,,
81,27790,L2,136,70,,
81,27790,L3,137,57,,
81,27790,L4,122,42,,
81,27790,L5,77,18.5,,
81,27790,chela.right,36,NA,,
81,27790,R1,89,107,,
81,27790,R2,137,70.5,,
81,27790,R3,136,60,,
81,27790,R4,89,27,,
81,27790,R5,78,18,,
81,27790,carapace,135,,,
81,27783,whole,NA,274,274.5,
81,27783,chela.left,17,NA,,
81,27783,L1,44,13.5,,
81,27783,L2,77,15.5,,
81,27783,L3,79,14,,
81,27783,L4,72,11,,
81,27783,L5,46,4.5,,
81,27783,chela.right,16,NA,,
81,27783,R1,44,14,,
81,27783,R2,80,15.5,,
81,27783,R3,79,14.5,,
81,27783,R4,73,11,,
81,27783,R5,47,4.5,,
81,27783,carapace,92,,,
82,28208,whole,NA,662,658.5,
82,28208,chela.left,,NA,,
82,28208,L1,77,61,,
82,28208,L2,128,40.5,,
82,28208,L3,130,35,,
82,28208,L4,118,28,,
82,28208,L5,75,11.5,,
82,28208,chela.right,,NA,,
82,28208,R1,79,58.5,,
82,28208,R2,130,35.5,,
82,28208,R3,131,31.5,,
82,28208,R4,115,28.5,,
82,28208,R5,76,11,,
82,28208,carapace,122,,,
82,28202,whole,NA,640,607,
82,28202,chela.left,,NA,,
82,28202,L1,77,54.5,,
82,28202,L2,125,39,,
82,28202,L3,123,31,,
82,28202,L4,111,24.5,,
82,28202,L5,69,10.5,,
82,28202,chela.right,,NA,,
82,28202,R1,77,55.5,,
82,28202,R2,117,39.5,,
82,28202,R3,88,23.5,,
82,28202,R4,109,26,,
82,28202,R5,69,9.5,,
82,28202,carapace,117,,,
82,28207,whole,NA,248,244,
82,28207,chela.left,,NA,,
82,28207,L1,42,12,,
82,28207,L2,78,14,,
82,28207,L3,78,12.5,,
82,28207,L4,70,9.5,,
82,28207,L5,47,4,,
82,28207,chela.right,,NA,,
82,28207,R1,45,12.5,,
82,28207,R2,74,13,,
82,28207,R3,78,12,,
82,28207,R4,71,10,,
82,28207,R5,47,4,,
82,28207,carapace,88,,,
82,28206,whole,NA,342,339.5,
82,28206,chela.left,,NA,,
82,28206,L1,50,18.5,,
82,28206,L2,91,20,,
82,28206,L3,92,17.5,,
82,28206,L4,84,13.5,,
82,28206,L5,53,5,,
82,28206,chela.right,,NA,,
82,28206,R1,53,17,,
82,28206,R2,92,19.5,,
82,28206,R3,92,17.5,,
82,28206,R4,85,14,,
82,28206,R5,53,5,,
82,28206,carapace,97,,,
82,28187,whole,NA,356,352,
82,28187,chela.left,,NA,,
82,28187,L1,48,18,,
82,28187,L2,88,20,,
82,28187,L3,87,17.5,,
82,28187,L4,78,13.5,,
82,28187,L5,50,5.5,,
82,28187,chela.right,,NA,,
82,28187,R1,51,18,,
82,28187,R2,89,19.5,,
82,28187,R3,89,17,,
82,28187,R4,78,12,,
82,28187,R5,50,5,,
82,28187,carapace,101,,,
83,28660,whole,NA,244,241,
83,28660,chela.left,,NA,,
83,28660,L1,41,11.5,,
83,28660,L2,76,15.5,,
83,28660,L3,78,13,,
83,28660,L4,69,10,,
83,28660,L5,44,4,,
83,28660,chela.right,,NA,,
83,28660,R1,42,12.5,,
83,28660,R2,75,14,,
83,28660,R3,78,12.5,,
83,28660,R4,69,9.5,,
83,28660,R5,44,4,,
83,28660,carapace,,,,
83,28652,whole,NA,148,149.5,
83,28652,chela.left,,NA,,
83,28652,L1,36,5.5,,
83,28652,L2,67,7.5,,
83,28652,L3,68,7,,
83,28652,L4,60,5,,
83,28652,L5,41,2,,
83,28652,chela.right,,NA,,
83,28652,R1,35,6.5,,
83,28652,R2,66,8,,
83,28652,R3,68,7.5,,
83,28652,R4,63,6.5,,
83,28652,R5,38,2.5,,
83,28652,carapace,75,,,
83,28631,whole,NA,274,272,
83,28631,chela.left,,NA,,
83,28631,L1,48,18.5,,
83,28631,L2,85,15,,
83,28631,L3,84,13.5,,
83,28631,L4,79,10.5,,
83,28631,L5,49,4,,
83,28631,chela.right,,NA,,
83,28631,R1,50,18,,
83,28631,R2,84,15.5,,
83,28631,R3,85,13.5,,
83,28631,R4,75,10.5,,
83,28631,R5,50,4,,
83,28631,carapace,90,,,
83,28629,whole,NA,170,171,
83,28629,chela.left,,NA,,
83,28629,L1,45,11.5,,
83,28629,L2,75,6,,
83,28629,L3,72,9.5,,
83,28629,L4,70,7.5,,
83,28629,L5,45,3,,
83,28629,chela.right,,NA,,
83,28629,R1,45,11.5,,
83,28629,R2,79,10.5,,
83,28629,R3,80,9.5,,
83,28629,R4,,,,
83,28629,R5,45,2.5,,
83,28629,carapace,79,,,
83,28610,whole,NA,468,466.5,
83,28610,chela.left,,NA,,
83,28610,L1,58,25,,
83,28610,L2,105,27,,
83,28610,L3,104,23,,
83,28610,L4,95,18.5,,
83,28610,L5,59,8,,
83,28610,chela.right,,NA,,
83,28610,R1,57,24.5,,
83,28610,R2,103,27,,
83,28610,R3,102,23.5,,
83,28610,R4,90,20,,
83,28610,R5,60,8,,
83,28610,carapace,110,,,
86,29370,whole,NA,344,339.5,
86,29370,chela.left,19,NA,,
86,29370,L1,51,18,,
86,29370,L2,90,20.5,,
86,29370,L3,93,18.5,,
86,29370,L4,76,14,,
86,29370,L5,52,5.5,,
86,29370,chela.right,19,NA,,
86,29370,R1,51,18.5,,
86,29370,R2,89,20,,
86,29370,R3,93,17,,
86,29370,R4,82,14.5,,
86,29370,R5,53,6,,
86,29370,carapace,98,,,
86,29366,whole,NA,396,389,
86,29366,chela.left,24,NA,,
86,29366,L1,62,30,,
86,29366,L2,101,23.5,,
86,29366,L3,103,19,,
86,29366,L4,92,15,,
86,29366,L5,59,5.5,,
86,29366,chela.right,23,NA,,
86,29366,R1,61,32.5,,
86,29366,R2,102,23,,
86,29366,R3,103,20.5,,
86,29366,R4,92,14.5,,
86,29366,R5,59,7.5,,
86,29366,carapace,96,,,
86,29386,whole,NA,368,365.5,
86,29386,chela.left,19,NA,,
86,29386,L1,48,17.5,,
86,29386,L2,84,20,,
86,29386,L3,85,18,,
86,29386,L4,76,14,,
86,29386,L5,51,5,,
86,29386,chela.right,19,NA,,
86,29386,R1,49,19.5,,
86,29386,R2,85,20,,
86,29386,R3,87,16.5,,
86,29386,R4,78,12.5,,
86,29386,R5,48,5.5,,
86,29386,carapace,100,,,
86,29374,whole,NA,204,201.5,
86,29374,chela.left,16,NA,,
86,29374,L1,45,10.5,,
86,29374,L2,72,12,,
86,29374,L3,75,10,,
86,29374,L4,64,8,,
86,29374,L5,39,3.5,,
86,29374,chela.right,14,NA,,
86,29374,R1,42,9.5,,
86,29374,R2,75,10.5,,
86,29374,R3,72,11,,
86,29374,R4,71,8,,
86,29374,R5,45,3.5,,
86,29374,carapace,82,,,
86,29355,whole,NA,374,369.5,
86,29355,chela.left,24,NA,,
86,29355,L1,60,27.5,,
86,29355,L2,94,17.5,,
86,29355,L3,88,20,,
86,29355,L4,87,14.5,,
86,29355,L5,54,6,,
86,29355,chela.right,25,NA,,
86,29355,R1,61,26,,
86,29355,R2,93,20,,
86,29355,R3,97,18.5,,
86,29355,R4,87,14,,
86,29355,R5,57,5.5,,
86,29355,carapace,96,,,
109,35620,whole,NA,487,481.5,
109,35620,chela.left,27,NA,,
109,35620,L1,64,40.5,,
109,35620,L2,101,27.5,,
109,35620,L3,102,22.5,,
109,35620,L4,91,16,,
109,35620,L5,59,7.5,,
109,35620,chela.right,28,NA,,
109,35620,R1,67,40.5,,
109,35620,R2,103,27,,
109,35620,R3,102,23,,
109,35620,R4,92,17,,
109,35620,R5,60,8,,
109,35620,carapace,103,251,,
109,35628,whole,NA,166,163.5,
109,35628,chela.left,14,NA,,
109,35628,L1,37,6.5,,
109,35628,L2,61,8.5,,
109,35628,L3,62,7,,
109,35628,L4,56,6,,
109,35628,L5,35,2.5,,
109,35628,chela.right,14,NA,,
109,35628,R1,37,7,,
109,35628,R2,,,missing leg,
109,35628,R3,62,8,,
109,35628,R4,55,5.5,,
109,35628,R5,36,2,,
109,35628,carapace,78,109.5,,
109,35632,whole,NA,211,208.5,
109,35632,chela.left,17,NA,,
109,35632,L1,45,14,,
109,35632,L2,75,11.5,,
109,35632,L3,75,10.5,,
109,35632,L4,67,8,,
109,35632,L5,44,3.5,,
109,35632,chela.right,18,NA,,
109,35632,R1,44,13.5,,
109,35632,R2,74,12,,
109,35632,R3,75,10,,
109,35632,R4,65,7.5,,
109,35632,R5,44,3.5,,
109,35632,carapace,78,114,,
109,35621,whole,NA,585,577,
109,35621,chela.left,30,NA,,
109,35621,L1,72,52.5,,
109,35621,L2,108,35.5,,
109,35621,L3,107,32,,
109,35621,L4,93,23.5,,
109,35621,L5,57,9,,
109,35621,chela.right,30,NA,,
109,35621,R1,73,53,,
109,35621,R2,108,31.5,,
109,35621,R3,107,25.5,,
109,35621,R4,93,23,,
109,35621,R5,59,8.5,,
109,35621,carapace,112,282,,
110,36127,whole,NA,603.5,597.5,
110,36127,chela.left,27,NA,,
110,36127,L1,68,46,,
110,36127,L2,106,30,,
110,36127,L3,105,27.5,,
110,36127,L4,91,19.5,,
110,36127,L5,58,9,,
110,36127,chela.right,27,NA,,
110,36127,R1,69,49.5,,
110,36127,R2,104,30,,
110,36127,R3,104,27.5,,
110,36127,R4,92,21,,
110,36127,R5,58,9,,
110,36127,carapace,114,328.5,,
110,36121,whole,NA,563.5,558,
110,36121,chela.left,28,NA,,
110,36121,L1,72,46.5,,
110,36121,L2,113,32,,
110,36121,L3,111,27.5,,
110,36121,L4,94,20.5,,
110,36121,L5,57,8,,
110,36121,chela.right,27,NA,,
110,36121,R1,72,47.5,,
110,36121,R2,110,31.5,,
110,36121,R3,109,25.5,,
110,36121,R4,96,19.5,,
110,36121,R5,62,8,,
110,36121,carapace,111,291.5,,
110,36112,whole,NA,189,187.5,
110,36112,chela.left,18,NA,,
110,36112,L1,44,12,,
110,36112,L2,74,11,,
110,36112,L3,75,9.5,,
110,36112,L4,60,7.5,,
110,36112,L5,44,3.5,,
110,36112,chela.right,17,NA,,
110,36112,R1,44,12,,
110,36112,R2,68,10,,
110,36112,R3,69,8.5,,
110,36112,R4,62,7,,
110,36112,R5,43,3,,
110,36112,carapace,77,103,,
110,36115,whole,NA,440.5,437,
110,36115,chela.left,23,NA,,
110,36115,L1,61,35,,
110,36115,L2,96,24,,
110,36115,L3,94,19.5,,
110,36115,L4,88,16.5,,
110,36115,L5,58,6.5,,
110,36115,chela.right,23,NA,,
110,36115,R1,61,33.5,,
110,36115,R2,95,23.5,,
110,36115,R3,97,21.5,,
110,36115,R4,87,16,,
110,36115,R5,58,7,,
110,36115,carapace,103,233.5,,
111,36415,whole,NA,221,218.5,
111,36415,chela.left,16,NA,,
111,36415,L1,42,11,,
111,36415,L2,71,11.5,,
111,36415,L3,72,10,,
111,36415,L4,67,8,,
111,36415,L5,42,3,,
111,36415,chela.right,16,NA,,
111,36415,R1,43,11.5,,
111,36415,R2,72,13,,
111,36415,R3,73,11.5,,
111,36415,R4,67,9,,
111,36415,R5,44,3.5,,
111,36415,carapace,88,126,,
111,36511,whole,NA,297,292.5,
111,36511,chela.left,20,NA,,
111,36511,L1,58,23,,
111,36511,L2,83,16.5,,
111,36511,L3,87,15.5,,
111,36511,L4,77,13,,
111,36511,L5,,,,
111,36511,chela.right,15,NA,,
111,36511,R1,52,14.5,,
111,36511,R2,88,17.5,,
111,36511,R3,88,15.5,,
111,36511,R4,78,12,,
111,36511,R5,50,5.5,,
111,36511,carapace,89,159.5,,
112,36759,whole,NA,560,552,
112,36759,chela.left,,NA,,
112,36759,L1,67,28,18,
112,36759,L2,107,20,,
112,36759,L3,105,18,,
112,36759,L4,94,16,,
112,36759,L5,59,4,,
112,36759,chela.right,,NA,,
112,36759,R1,69,28,18,
112,36759,R2,105,22,,
112,36759,R3,104,18,,
112,36759,R4,94,14,,
112,36759,R5,60,4,,
112,36759,carapace,109,286,,
112,36773,whole,NA,686,676,
112,36773,chela.left,,NA,,
112,36773,L1,72,38,22,
112,36773,L2,118,28,,
112,36773,L3,117,18,,
112,36773,L4,101,18,,
112,36773,L5,61,6,,
112,36773,chela.right,,NA,,
112,36773,R1,75,38,22,
112,36773,R2,117,28,,
112,36773,R3,118,24,,
112,36773,R4,105,18,,
112,36773,R5,62,8,,
112,36773,carapace,121,344,,
112,36764,whole,NA,428,420,
112,36764,chela.left,,NA,,
112,36764,L1,58,18,10,
112,36764,L2,97,12,,
112,36764,L3,99,12,,
112,36764,L4,90,10,,
112,36764,L5,59,,,
112,36764,chela.right,,NA,,
112,36764,R1,59,12,14,
112,36764,R2,96,14,,
112,36764,R3,97,14,,
112,36764,R4,80,10,,
112,36764,R5,57,4,,
112,36764,carapace,104,236,,
112,36744,whole,NA,186,182,
112,36744,chela.left,,NA,,
112,36744,L1,46,8,4,
112,36744,L2,79,8,,
112,36744,L3,80,6,,
112,36744,L4,72,6,,
112,36744,L5,46,2,,
112,36744,chela.right,,NA,,
112,36744,R1,47,8,4,
112,36744,R2,78,8,,
112,36744,R3,,,missing leg,
112,36744,R4,72,6,,
112,36744,R5,48,2,,
112,36744,carapace,88,104,,
112,36749,whole,NA,518,470,
112,36749,chela.left,,NA,,
112,36749,L1,65,24,14,
112,36749,L2,104,20,,
112,36749,L3,105,18,,
112,36749,L4,94,14,,
112,36749,L5,60,6,,
112,36749,chela.right,,NA,,
112,36749,R1,64,22,14,
112,36749,R2,103,20,,
112,36749,R3,104,18,,
112,36749,R4,93,14,,
112,36749,R5,62,4,,
112,36749,carapace,113,,,
117,39425,whole,NA,815,807,
117,39425,chela.left,29,NA,,
117,39425,L1,89,77.5,,
117,39425,L2,132,44.5,,
117,39425,L3,126,37,,
117,39425,L4,113,27,,
117,39425,L5,72,11,,
117,39425,chela.right,31,NA,,
117,39425,R1,89,82.5,,
117,39425,R2,129,46,,
117,39425,R3,124,39.5,,
117,39425,R4,110,28.5,,
117,39425,R5,74,11.5,,
117,39425,carapace,123,396,,
117,39422,whole,NA,297,294.5,
117,39422,chela.left,19,NA,,
117,39422,L1,56,21,,
117,39422,L2,,,missing leg,
117,39422,L3,78,14,,
117,39422,L4,77,13,,
117,39422,L5,48,5,,
117,39422,chela.right,19,NA,,
117,39422,R1,24,22,,
117,39422,R2,84,17.5,,
117,39422,R3,85,15,,
117,39422,R4,75,12,,
117,39422,R5,50,5,,
117,39422,carapace,90,168.5,,
122,40949,whole,NA,576,573,
122,40949,chela.left,26,NA,,
122,40949,L1,64,44.5,,
122,40949,L2,101,31,,
122,40949,L3,94,26.5,,
122,40949,L4,89,21.5,,
122,40949,L5,62,9.5,,
122,40949,chela.right,26,NA,,
122,40949,R1,73,44,,
122,40949,R2,102,33.5,,
122,40949,R3,107,28.5,,
122,40949,R4,93,22,,
122,40949,R5,61,9.5,,
122,40949,carapace,110,300.5,,
123,41062,whole,NA,342,330.5,
123,41062,chela.left,21,NA,,
123,41062,L1,63,27,,
123,41062,L2,93,20,,
123,41062,L3,88,16.5,,
123,41062,L4,77,16,,
123,41062,L5,51,5.5,,
123,41062,chela.right,22,NA,,
123,41062,R1,57,24.5,,
123,41062,R2,90,19,,
123,41062,R3,88,17,,
123,41062,R4,77,13,,
123,41062,R5,51,6,,
123,41062,carapace,94,169.5,,
123,41083,whole,NA,192,191.5,
123,41083,chela.left,15,NA,,
123,41083,L1,46,13.5,,
123,41083,L2,76,10.5,,
123,41083,L3,74,9.5,,
123,41083,L4,67,7,,
123,41083,L5,45,3,,
123,41083,chela.right,14,NA,,
123,41083,R1,49,12,,
123,41083,R2,66,9,,
123,41083,R3,73,10,,
123,41083,R4,67,7.5,,
123,41083,R5,44,3,,
123,41083,carapace,76,106,,
124,41459,whole,NA,293,288.5,
124,41459,chela.left,22,NA,,
124,41459,L1,51,20,,
124,41459,L2,83,16,,
124,41459,L3,84,13.5,,
124,41459,L4,77,10.5,,
124,41459,L5,50,4,,
124,41459,chela.right,22,NA,,
124,41459,R1,54,21.5,,
124,41459,R2,87,15,,
124,41459,R3,87,13,,
124,41459,R4,77,10.5,,
124,41459,R5,49,4.5,,
124,41459,carapace,90,160,,
124,41471,whole,NA,210,206,
124,41471,chela.left,15,NA,,
124,41471,L1,42,10,,
124,41471,L2,69,12,,
124,41471,L3,69,9.5,,
124,41471,L4,63,7.5,,
124,41471,L5,41,3,,
124,41471,chela.right,15,NA,,
124,41471,R1,42,10.5,,
124,41471,R2,68,11,,
124,41471,R3,68,9.5,,
124,41471,R4,62,7.5,,
124,41471,R5,37,3,,
124,41471,carapace,83,123,,
124,41494,whole,NA,173.5,172.5,
124,41494,chela.left,14,NA,,
124,41494,L1,38,8,,
124,41494,L2,68,9.5,,
124,41494,L3,69,8,,
124,41494,L4,61,6,,
124,41494,L5,43,3,,
124,41494,chela.right,14,NA,,
124,41494,R1,38,8,,
124,41494,R2,69,9.5,,
124,41494,R3,63,8.5,,
124,41494,R4,57,6.5,,
124,41494,R5,42,3,,
124,41494,carapace,80,102.5,,
124,41520,whole,NA,749,734.5,
124,41520,chela.left,31,NA,,
124,41520,L1,75,63,,
124,41520,L2,121,43.5,,
124,41520,L3,120,37,,
124,41520,L4,107,28,,
124,41520,L5,71,11.5,,
124,41520,chela.right,30,NA,,
124,41520,R1,77,64,,
124,41520,R2,121,44,,
124,41520,R3,113,34.5,,
124,41520,R4,107,27.5,,
124,41520,R5,69,11.5,,
124,41520,carapace,122,369,,
125,41688,whole,NA,560,,
125,41688,chela.left,29,NA,,
125,41688,L1,75,16,chela weight?,
125,41688,L2,105,22,,
125,41688,L3,107,18,,
125,41688,L4,95,14,,
125,41688,L5,66,6,,
125,41688,chela.right,26,NA,,
125,41688,R1,71,16,chela weight?,
125,41688,R2,107,22,,
125,41688,R3,111,18,,
125,41688,R4,96,16,,
125,41688,R5,70,6,,
125,41688,carapace,107,274,,
125,41683,whole,NA,282,,
125,41683,chela.left,16,NA,,
125,41683,L1,51,8,chela weight?,
125,41683,L2,75,10,,
125,41683,L3,82,10,,
125,41683,L4,73,8,,
125,41683,L5,56,4,,
125,41683,chela.right,18,NA,,
125,41683,R1,51,8,chela weight?,
125,41683,R2,82,10,,
125,41683,R3,81,10,,
125,41683,R4,70,8,,
125,41683,R5,52,4,,
125,41683,carapace,81,148,,
125,41697,whole,NA,372,,
125,41697,chela.left,23,NA,,
125,41697,L1,59,10,chela weight?,
125,41697,L2,91,16,,
125,41697,L3,92,14,,
125,41697,L4,84,10,,
125,41697,L5,68,4,,
125,41697,chela.right,22,NA,,
125,41697,R1,62,10,chela weight?,
125,41697,R2,92,16,,
125,41697,R3,88,12,,
125,41697,R4,86,10,,
125,41697,R5,52,4,,
125,41697,carapace,92,192,,
129,42834,whole,NA,314,,
129,42834,chela.left,17,NA,,
129,42834,L1,48,8,chela weight?,
129,42834,L2,91,12,,
129,42834,L3,94,10,,
129,42834,L4,85,8,,
129,42834,L5,52,2,,
129,42834,chela.right,16,NA,,
129,42834,R1,49,6,chela weight?,
129,42834,R2,91,12,,
129,42834,R3,92,10,,
129,42834,R4,83,8,,
129,42834,R5,52,4,,
129,42834,carapace,95,180,,
129,42796,whole,NA,574,562,
129,42796,chela.left,28,NA,,
129,42796,L1,70,18,chela weight?,
129,42796,L2,104,20,,
129,42796,L3,105,18,,
129,42796,L4,93,14,,
129,42796,L5,59,6,,
129,42796,chela.right,27,NA,,
129,42796,R1,70,18,chela weight?,
129,42796,R2,105,20,,
129,42796,R3,103,20,,
129,42796,R4,91,14,,
129,42796,R5,58,2,,
129,42796,carapace,109,280,,
131,43428,whole,NA,340,,
131,43428,chela.left,18,NA,,
131,43428,L1,52,6,chela weight?,
131,43428,L2,68,8,,
131,43428,L3,97,14,,
131,43428,L4,86,10,,
131,43428,L5,55,4,,
131,43428,chela.right,20,NA,,
131,43428,R1,53,6,chela weight?,
131,43428,R2,95,12,,
131,43428,R3,96,12,,
131,43428,R4,85,8,,
131,43428,R5,56,2,,
131,43428,carapace,97,184,,
132,43687,whole,NA,194,192,
132,43687,chela.left,14,NA,,
132,43687,L1,39,,,
132,43687,L2,78,,,
132,43687,L3,76,,,
132,43687,L4,69,,,
132,43687,L5,47,,,
132,43687,chela.right,14,,,
132,43687,R1,38,,,
132,43687,R2,69,,,
132,43687,R3,78,,,
132,43687,R4,71,,,
132,43687,R5,45,,,
132,43687,carapace,80,116,,
132,43674,whole,NA,268,264,
132,43674,chela.left,15,NA,,
132,43674,L1,43,,,
132,43674,L2,81,,,
132,43674,L3,80,,,
132,43674,L4,74,,,
132,43674,L5,49,,,
132,43674,chela.right,17,,,
132,43674,R1,44,,,
132,43674,R2,81,,,
132,43674,R3,82,,,
132,43674,R4,74,,,
132,43674,R5,47,,,
132,43674,carapace,89,160,,
132,43710,whole,NA,266,260,
132,43710,chela.left,15,NA,,
132,43710,L1,46,,,
132,43710,L2,83,,,
132,43710,L3,86,,,
132,43710,L4,77,,,
132,43710,L5,48,,,
132,43710,chela.right,16,,,
132,43710,R1,44,,,
132,43710,R2,86,,,
132,43710,R3,85,,,
132,43710,R4,72,,,
132,43710,R5,49,,,
132,43710,carapace,92,152,,
132,43722,whole,NA,202,190,
132,43722,chela.left,16,NA,,
132,43722,L1,38,,,
132,43722,L2,72,,,
132,43722,L3,,,missing leg,
132,43722,L4,63,,,
132,43722,L5,44,,,
132,43722,chela.right,15,,,
132,43722,R1,38,,,
132,43722,R2,74,,,
132,43722,R3,77,,,
132,43722,R4,61,,,
132,43722,R5,45,,,
132,43722,carapace,84,118,,
132,43702,whole,NA,280,286,
132,43702,chela.left,21,NA,,
132,43702,L1,51,,,
132,43702,L2,86,,,
132,43702,L3,,,missing leg,
132,43702,L4,78,,,
132,43702,L5,51,,,
132,43702,chela.right,21,,,
132,43702,R1,50,,,
132,43702,R2,88,,,
132,43702,R3,89,,,
132,43702,R4,78,,,
132,43702,R5,48,,,
132,43702,carapace,90,162,,
133,43773,whole,NA,347,335,
133,43773,chela.left,18,NA,,
133,43773,L1,53,20,,
133,43773,L2,94,22,,
133,43773,L3,92,19,,
133,43773,L4,82,14,,
133,43773,L5,52,5,,
133,43773,chela.right,19,,,
133,43773,R1,52,19,,
133,43773,R2,90,22,,
133,43773,R3,91,19,,
133,43773,R4,81,13.5,,
133,43773,R5,52,6,,
133,43773,carapace,102,174.5,,
133,43782,whole,NA,363,356.5,
133,43782,chela.left,23,NA,,
133,43782,L1,57,27.5,,
133,43782,L2,99,21,,
133,43782,L3,96,19,,
133,43782,L4,83,15,,
133,43782,L5,57,5.5,,
133,43782,chela.right,23,,,
133,43782,R1,52,26.5,,
133,43782,R2,87,21.5,,
133,43782,R3,92,19.5,,
133,43782,R4,82,15,,
133,43782,R5,,,missing leg,
133,43782,carapace,94,186,,
133,43799,whole,NA,217,210.5,
133,43799,chela.left,15,NA,,
133,43799,L1,41,9.5,,
133,43799,L2,73,11,,
133,43799,L3,72,10.5,,
133,43799,L4,69,7.5,,
133,43799,L5,50,3,,
133,43799,chela.right,16,NA,,
133,43799,R1,42,9.5,,
133,43799,R2,66,10.5,,
133,43799,R3,77,10.5,,
133,43799,R4,17,8,,
133,43799,R5,47,2.5,,
133,43799,carapace,86,127,,
139,45873,whole,NA,,323,
139,45873,chela.left,22,NA,,
139,45873,L1,53,25,,
139,45873,L2,89,17,,
139,45873,L3,90,15,,
139,45873,L4,80,12,,
139,45873,L5,52,5,,
139,45873,chela.right,22,NA,,
139,45873,R1,53,25,,
139,45873,R2,63,12,,
139,45873,R3,87,15.5,,
139,45873,R4,76,11.5,,
139,45873,R5,46,5,,
139,45873,carapace,91,179,,
139,45882,whole,NA,,389.5,
139,45882,chela.left,23,NA,,
139,45882,L1,60,30,,
139,45882,L2,101,22,,
139,45882,L3,105,20,,
139,45882,L4,96,15.5,,
139,45882,L5,59,6,,
139,45882,chela.right,22,NA,,
139,45882,R1,61,30,,
139,45882,R2,103,23,,
139,45882,R3,69,16,,
139,45882,R4,95,12.5,,
139,45882,R5,60,6,,
139,45882,carapace,97,214,,
139,45894,whole,NA,,193.5,
139,45894,chela.left,15,NA,,
139,45894,L1,38,9.5,,
139,45894,L2,72,11.5,,
139,45894,L3,73,11,,
139,45894,L4,65,8,,
139,45894,L5,41,3,,
139,45894,chela.right,15,NA,,
139,45894,R1,38,10,,
139,45894,R2,,,missing leg,
139,45894,R3,73,10,,
139,45894,R4,64,8.5,,
139,45894,R5,41,3,,
139,45894,carapace,83,118.5,,
142,46978,whole,NA,434,411.5,
142,46978,chela.left,21,NA,,
142,46978,L1,63,40.5,,
142,46978,L2,92,25,,
142,46978,L3,97,22,,
142,46978,L4,84,16,,
142,46978,L5,56,6.5,,
142,46978,chela.right,22,NA,,
142,46978,R1,62,40.5,,
142,46978,R2,94,25,,
142,46978,R3,92,22,,
142,46978,R4,82,17,,
142,46978,R5,52,6.5,,
142,46978,carapace,103,191,,
143,47386,whole,NA,466.5,462.5,
143,47386,chela.left,25,NA,,
143,47386,L1,62,36.5,,
143,47386,L2,92,25.5,,
143,47386,L3,90,23,,
143,47386,L4,84,16.5,,
143,47386,L5,54,7,,
143,47386,chela.right,24,NA,,
143,47386,R1,63,36,,
143,47386,R2,93,26.5,,
143,47386,R3,94,22,,
143,47386,R4,84,17,,
143,47386,R5,55,7.5,,
143,47386,carapace,105,245.5,,
143,47384,whole,NA,421.5,416.5,
143,47384,chela.left,24,NA,,
143,47384,L1,59,30.5,,
143,47384,L2,96,25.5,,
143,47384,L3,95,22,,
143,47384,L4,87,16.5,,
143,47384,L5,54,6,,
143,47384,chela.right,24,NA,,
143,47384,R1,58,30.5,,
143,47384,R2,96,24.5,,
143,47384,R3,97,21,,
143,47384,R4,87,17,,
143,47384,R5,55,6,,
143,47384,carapace,99,215.5,,
143,47360,whole,NA,662,660.5,
143,47360,chela.left,30,NA,,
143,47360,L1,76,57.5,,
143,47360,L2,118,39,,
143,47360,L3,117,34,,
143,47360,L4,99,26,,
143,47360,L5,68,10,,
143,47360,chela.right,30,NA,,
143,47360,R1,78,61,,
143,47360,R2,117,38,,
143,47360,R3,116,31,,
143,47360,R4,97,25.5,,
143,47360,R5,66,10.5,,
143,47360,carapace,118,327.5,,
143,47332,whole,NA,428,419,
143,47332,chela.left,25,NA,,
143,47332,L1,60,33,,
143,47332,L2,96,23.5,,
143,47332,L3,97,19.5,,
143,47332,L4,81,13.5,,
143,47332,L5,50,6,,
143,47332,chela.right,24,NA,,
143,47332,R1,62,33,,
143,47332,R2,96,23.5,,
143,47332,R3,97,20.5,,
143,47332,R4,88,15.5,,
143,47332,R5,43,4.5,,
143,47332,carapace,101,231.5,,
143,47342,whole,NA,316.5,313,
143,47342,chela.left,23,NA,,
143,47342,L1,57,25,,
143,47342,L2,89,18,,
143,47342,L3,92,15.5,,
143,47342,L4,80,12,,
143,47342,L5,49,5,,
143,47342,chela.right,22,NA,,
143,47342,R1,57,24,,
143,47342,R2,91,18,,
143,47342,R3,92,16,,
143,47342,R4,81,12,,
143,47342,R5,51,5,,
143,47342,carapace,92,163.5,,
143,47348,whole,NA,232.5,231.5,
143,47348,chela.left,17,NA,,
143,47348,L1,42,11,,
143,47348,L2,72,13,,
143,47348,L3,75,12.5,,
143,47348,L4,68,9.5,,
143,47348,L5,41,4,,
143,47348,chela.right,16,NA,,
143,47348,R1,44,12,,
143,47348,R2,68,10.5,,
143,47348,R3,68,11.5,,
143,47348,R4,67,9.5,,
143,47348,R5,45,4,,
143,47348,carapace,88,134.5,,
143,47349,whole,NA,278.5,274.5,
143,47349,chela.left,21,NA,,
143,47349,L1,52,22,,
143,47349,L2,83,15,,
143,47349,L3,83,13,,
143,47349,L4,76,10,,
143,47349,L5,51,4,,
143,47349,chela.right,19,NA,,
143,47349,R1,54,21.5,,
143,47349,R2,86,17.5,,
143,47349,R3,85,13,,
143,47349,R4,76,10,,
143,47349,R5,50,4,,
143,47349,carapace,88,144.5,,
145,48034,whole,NA,585,571.5,
145,48034,chela.left,22,NA,,
145,48034,L1,75,49,,
145,48034,L2,107,32.5,,
145,48034,L3,102,28.5,,
145,48034,L4,94,21.5,,
145,48034,L5,62,9.5,,
145,48034,chela.right,27,NA,,
145,48034,R1,73,52,,
145,48034,R2,108,26.5,,
145,48034,R3,108,32.5,,
145,48034,R4,92,23,,
145,48034,R5,,,missing leg,
145,48034,carapace,115,296,,
